{
  "anna": {
    "dominant_freq_row": 64,
    "dominant_freq_col": 0,
    "dominant_magnitude": 271873.0,
    "top5_magnitudes": [
      271873.0,
      196608.53710115174,
      196608.5371011517,
      190451.80737300904,
      190451.80737300904
    ],
    "energy_concentration_top10": 0.24197631041180864,
    "total_spectral_energy": 1541019594415.0,
    "effective_rank": 114,
    "condition_number": 3716.168741386107,
    "sv_entropy": 6.224768324107369,
    "top5_singular_values": [
      5435.11684456872,
      3736.40495107692,
      2789.6352303984577,
      2234.6190873198275,
      2055.3044009487053
    ],
    "singular_value_ratio_1_2": 1.454638058704582,
    "spectral_radius": 2342.0747553866445,
    "n_real_eigenvalues": 20,
    "trace": 137.0,
    "log_abs_determinant": 714.7195173704014
  },
  "uniform": {
    "dominant_freq_row": {
      "mean": 47.731,
      "std": 32.86701445218291,
      "min": 0.0,
      "max": 127.0,
      "p5": 4.0,
      "p95": 114.04999999999995
    },
    "dominant_freq_col": {
      "mean": 60.754,
      "std": 37.340105570284614,
      "min": 0.0,
      "max": 127.0,
      "p5": 4.0,
      "p95": 120.0
    },
    "dominant_magnitude": {
      "mean": 29325.002415443407,
      "std": 1880.607617972376,
      "min": 25256.66395126075,
      "max": 39059.0,
      "p5": 26694.07739085294,
      "p95": 32634.762100219996
    },
    "energy_concentration_top10": {
      "mean": 0.005089472581970898,
      "std": 0.0003702018829289446,
      "min": 0.004255195744194685,
      "max": 0.006286455437065361,
      "p5": 0.004530077239868682,
      "p95": 0.0057631845525377475
    },
    "total_spectral_energy": {
      "mean": 1465928319913.135,
      "std": 10490611344.182085,
      "min": 1435417573687.0,
      "max": 1502543732720.0,
      "p5": 1449025658847.65,
      "p95": 1483346305222.2
    },
    "effective_rank": {
      "mean": 126.192,
      "std": 0.6157402049566034,
      "min": 124.0,
      "max": 128.0,
      "p5": 125.0,
      "p95": 127.0
    },
    "condition_number": {
      "mean": 2016.5625324345935,
      "std": 13458.229096027182,
      "min": 67.57400155362248,
      "max": 358930.713806226,
      "p5": 152.08355363281294,
      "p95": 5194.306022681026
    },
    "sv_entropy": {
      "mean": 6.685713189695766,
      "std": 0.004616344609167453,
      "min": 6.671665674507461,
      "max": 6.698623148397002,
      "p5": 6.678005511322572,
      "p95": 6.693083094055126
    },
    "singular_value_ratio_1_2": {
      "mean": 1.02626455053192,
      "std": 0.013991227360350507,
      "min": 1.001094304175482,
      "max": 1.0821956110158848,
      "p5": 1.0065991178637002,
      "p95": 1.0519033359542693
    },
    "spectral_radius": {
      "mean": 874.1858839033065,
      "std": 27.777517521321077,
      "min": 806.9146914732121,
      "max": 991.2711108545853,
      "p5": 835.4893443460959,
      "p95": 923.8986933989659
    },
    "n_real_eigenvalues": {
      "mean": 9.504,
      "std": 2.3634686374056244,
      "min": 2.0,
      "max": 18.0,
      "p5": 6.0,
      "p95": 14.0
    },
    "trace": {
      "mean": -70.409,
      "std": 814.3821251224759,
      "min": -2876.0,
      "max": 2633.0,
      "p5": -1400.05,
      "p95": 1270.1999999999998
    },
    "log_abs_determinant": {
      "mean": 796.2840584197643,
      "std": 1.9184535679653258,
      "min": 790.5108837409912,
      "max": 801.0130738362581,
      "p5": 792.8242253649827,
      "p95": 799.1627797470236
    }
  },
  "symmetric": {
    "dominant_freq_row": {
      "mean": 42.643,
      "std": 30.391142640578686,
      "min": 0.0,
      "max": 127.0,
      "p5": 4.0,
      "p95": 110.04999999999995
    },
    "dominant_freq_col": {
      "mean": 62.22,
      "std": 36.993885981334806,
      "min": 0.0,
      "max": 127.0,
      "p5": 5.0,
      "p95": 121.0
    },
    "dominant_magnitude": {
      "mean": 37548.28496774081,
      "std": 2765.5204239767386,
      "min": 31670.79937778499,
      "max": 50689.57282811027,
      "p5": 33717.67341425226,
      "p95": 42658.82411448226
    },
    "energy_concentration_top10": {
      "mean": 0.008197577209301324,
      "std": 0.0006811583199126855,
      "min": 0.006485259331136318,
      "max": 0.010935457851281598,
      "p5": 0.0071594523864247,
      "p95": 0.009344399564961373
    },
    "total_spectral_energy": {
      "mean": 1466132162084.864,
      "std": 13942866763.111317,
      "min": 1426910543872.0,
      "max": 1507269607424.0,
      "p5": 1443444572160.0,
      "p95": 1487915132518.4
    },
    "effective_rank": {
      "mean": 126.027,
      "std": 0.7254453804388032,
      "min": 124.0,
      "max": 128.0,
      "p5": 125.0,
      "p95": 127.0
    },
    "condition_number": {
      "mean": 12142.173964242242,
      "std": 300534.24578362354,
      "min": 65.87391671115161,
      "max": 9493884.099166078,
      "p5": 128.8908395271878,
      "p95": 6070.142688995336
    },
    "sv_entropy": {
      "mean": 6.682962056270726,
      "std": 0.006200141702480686,
      "min": 6.662459275772587,
      "max": 6.704352441484835,
      "p5": 6.673130611833232,
      "p95": 6.69299466638527
    },
    "singular_value_ratio_1_2": {
      "mean": 1.0257337295782059,
      "std": 0.019783787319290348,
      "min": 1.0000911381675806,
      "max": 1.1149538403573636,
      "p5": 1.0027207383593535,
      "p95": 1.0638813249464798
    },
    "spectral_radius": {
      "mean": 862.8862675121892,
      "std": 30.83968625990122,
      "min": 779.9026972323579,
      "max": 1029.7650933557172,
      "p5": 818.5049918846174,
      "p95": 916.6261361850848
    },
    "n_real_eigenvalues": {
      "mean": 9.236,
      "std": 3.147110420687523,
      "min": 0.0,
      "max": 20.0,
      "p5": 4.0,
      "p95": 14.0
    },
    "trace": {
      "mean": -64.0,
      "std": 0.0,
      "min": -64.0,
      "max": -64.0,
      "p5": -64.0,
      "p95": -64.0
    },
    "log_abs_determinant": {
      "mean": 795.414962814859,
      "std": 2.487034920080646,
      "min": 783.4099042491406,
      "max": 802.833322453627,
      "p5": 791.0416684488886,
      "p95": 799.3660897879256
    }
  }
}